Supply_No,Node,Smax_kg_s,Smin_kg_s,C1_per_kgh,C2_per_kgh2
1,1,158.090278,0.0,180,0.36
2,15,158.090278,0.0,720,0.1
3,19,158.090278,0.0,360,0.5