Pr_base_MPa,D_base_m,T_base_s,Cost_base_dollar,T_gasload_h,dt_gasload_s
0.1,0.000011291631870952452,25.878513915013464,1000000,24,3600